ablation,ablation_protocol,channel,mode,psnr_mean,psnr_std,psnr_p10,psnr_p05,ssim_mean,ssim_std,ssim_p10,ssim_p05,latent_cosine_mean,latent_cosine_std,latent_cosine_p10,latent_cosine_p05,latent_cka_mean,latent_cka_std,latent_cka_p10,latent_cka_p05
baseline,posthoc_eval_only,awgn,baseline,18.390522003173828,0.7173916101455688,17.547649383544922,17.243038177490234,0.2945338189601898,0.044796172529459,0.24085986614227295,0.227211132645607,0.9997517466545105,2.2412812541006133e-05,0.9997209906578064,0.9997089505195618,0.9237262010574341,0.04171155393123627,0.8725197911262512,0.8569279313087463
baseline,posthoc_eval_only,rayleigh,baseline,17.92535972595215,1.5018161535263062,16.675506591796875,15.307525634765625,0.2805798351764679,0.05165088176727295,0.22046838700771332,0.1982470601797104,0.999751627445221,2.369586582062766e-05,0.9997228980064392,0.9997085332870483,0.9261676669120789,0.039613865315914154,0.8762392997741699,0.8537110090255737
baseline,posthoc_eval_only,rician,baseline,18.29509162902832,0.8104622960090637,17.306270599365234,16.98687171936035,0.2902661859989166,0.04492514207959175,0.2350875288248062,0.22100335359573364,0.9997541904449463,2.070047048619017e-05,0.9997285604476929,0.9997161030769348,0.928076982498169,0.03647102415561676,0.8730213046073914,0.8497641682624817
baseline,posthoc_eval_only,tdl,baseline,18.182714462280273,0.892084538936615,17.15542221069336,16.765727996826172,0.2875578701496124,0.04546816647052765,0.23206748068332672,0.21795640885829926,0.9997539520263672,2.1311276213964447e-05,0.999726414680481,0.9997142553329468,0.9269397258758545,0.0353814959526062,0.8758002519607544,0.8539261817932129
baseline,posthoc_eval_only,cdl,baseline,18.36607551574707,0.7708747982978821,17.49909019470215,17.248685836791992,0.2921121120452881,0.04470091313123703,0.23837195336818695,0.22388821840286255,0.9997549057006836,2.0377012333483435e-05,0.9997291564941406,0.9997177720069885,0.9224333763122559,0.04388607665896416,0.8600267171859741,0.8399010896682739
baseline,posthoc_eval_only,urban,baseline,18.01127815246582,1.0121709108352661,16.854930877685547,16.398406982421875,0.28404316306114197,0.045158326625823975,0.2288736253976822,0.21577146649360657,0.9997527599334717,2.145682810805738e-05,0.9997259378433228,0.9997137188911438,0.9214050769805908,0.04422476887702942,0.8638851642608643,0.8355469107627869
baseline,posthoc_eval_only,rural,baseline,17.914657592773438,0.9635399580001831,16.784528732299805,16.31072425842285,0.2831633687019348,0.044361602514982224,0.22980622947216034,0.21604378521442413,0.9997522234916687,2.153991772502195e-05,0.9997254610061646,0.9997121691703796,0.9248634576797485,0.03843500837683678,0.876473069190979,0.8513017892837524
baseline,posthoc_eval_only,highway,baseline,17.977672576904297,0.795011043548584,16.995346069335938,16.690004348754883,0.28138646483421326,0.04505378380417824,0.2273697555065155,0.21357861161231995,0.9997485876083374,2.170819425373338e-05,0.9997208118438721,0.9997074007987976,0.9255707263946533,0.03796025365591049,0.8776859045028687,0.8491932153701782
baseline,posthoc_eval_only,umi,baseline,18.202619552612305,0.908738374710083,17.180927276611328,16.806800842285156,0.28804925084114075,0.04504529386758804,0.23327255249023438,0.2184380441904068,0.9997537136077881,2.0791354472748935e-05,0.9997282028198242,0.9997153282165527,0.9287129640579224,0.036622390151023865,0.8810850977897644,0.8644101619720459
baseline,posthoc_eval_only,uma,baseline,18.073740005493164,0.9091821312904358,16.999263763427734,16.532987594604492,0.28451478481292725,0.04412265121936798,0.2320326864719391,0.21753652393817902,0.9997533559799194,2.122310979757458e-05,0.9997270107269287,0.9997156858444214,0.9259140491485596,0.03787140175700188,0.8736115097999573,0.8585821390151978
tokenizer_cond,posthoc_eval_only,awgn,tokenizer_cond,17.30048942565918,0.6053303480148315,16.616878509521484,16.43367576599121,0.2514919340610504,0.04318436607718468,0.19997809827327728,0.18782983720302582,0.9996859431266785,2.1271913283271715e-05,0.9996610879898071,0.9996494054794312,0.898936927318573,0.052385181188583374,0.8317222595214844,0.8153033256530762
tokenizer_cond,posthoc_eval_only,rayleigh,tokenizer_cond,17.04277801513672,0.9946414232254028,16.26814842224121,15.832602500915527,0.23539204895496368,0.04580415412783623,0.18311290442943573,0.16557681560516357,0.9996868968009949,2.3181908545666374e-05,0.9996584057807922,0.9996442794799805,0.9028611183166504,0.051199737936258316,0.8318605422973633,0.8120183944702148
tokenizer_cond,posthoc_eval_only,rician,tokenizer_cond,17.22579002380371,0.614309549331665,16.497371673583984,16.31033706665039,0.24192771315574646,0.04156613349914551,0.19194906949996948,0.1786358505487442,0.9996886253356934,2.0771731215063483e-05,0.9996631145477295,0.9996525049209595,0.9032960534095764,0.04801609367132187,0.8301880359649658,0.800147533416748
tokenizer_cond,posthoc_eval_only,tdl,tokenizer_cond,17.089683532714844,0.7451167106628418,16.29765510559082,15.98279857635498,0.2397707849740982,0.0418870784342289,0.18927568197250366,0.17819388210773468,0.9996880888938904,2.1133841073606163e-05,0.9996618032455444,0.9996501803398132,0.9018218517303467,0.046493157744407654,0.8405253887176514,0.8136735558509827
tokenizer_cond,posthoc_eval_only,cdl,tokenizer_cond,17.254629135131836,0.6288512349128723,16.548730850219727,16.357351303100586,0.2441549152135849,0.042128924280405045,0.19422923028469086,0.1817941665649414,0.9996889233589172,2.0871098968200386e-05,0.9996631145477295,0.9996521472930908,0.8962531089782715,0.05681734159588814,0.8156735897064209,0.795304000377655
tokenizer_cond,posthoc_eval_only,urban,tokenizer_cond,16.973806381225586,0.7981957197189331,16.092660903930664,15.674861907958984,0.23690801858901978,0.042972467839717865,0.18429851531982422,0.17360861599445343,0.9996870756149292,2.1853566067875363e-05,0.9996595978736877,0.9996480345726013,0.8957770466804504,0.05562981218099594,0.8159443140029907,0.7876120805740356
tokenizer_cond,posthoc_eval_only,rural,tokenizer_cond,16.845916748046875,0.8277132511138916,15.935563087463379,15.451662063598633,0.23633494973182678,0.04209964722394943,0.18723179399967194,0.17090566456317902,0.9996859431266785,2.1661322534782812e-05,0.9996585845947266,0.9996466636657715,0.8997036218643188,0.04998265206813812,0.8338350057601929,0.8049814105033875
tokenizer_cond,posthoc_eval_only,highway,tokenizer_cond,17.0186767578125,0.6305818557739258,16.278120040893555,16.06760025024414,0.2377167046070099,0.04191887751221657,0.18734048306941986,0.17583531141281128,0.9996857643127441,2.0847419364145026e-05,0.9996585845947266,0.9996485710144043,0.8993886113166809,0.049012597650289536,0.8355995416641235,0.7987155914306641
tokenizer_cond,posthoc_eval_only,umi,tokenizer_cond,17.131298065185547,0.7112404108047485,16.374404907226562,16.05122184753418,0.24069638550281525,0.04270552471280098,0.18954913318157196,0.1768491566181183,0.9996880292892456,2.115399547619745e-05,0.9996612668037415,0.9996498823165894,0.904674232006073,0.04873050004243851,0.8440452814102173,0.8183184266090393
tokenizer_cond,posthoc_eval_only,uma,tokenizer_cond,16.98126792907715,0.8220471143722534,16.136371612548828,15.748448371887207,0.23654384911060333,0.04196508228778839,0.18761418759822845,0.1745910793542862,0.9996876120567322,2.182202661060728e-05,0.9996607303619385,0.9996464252471924,0.9011998772621155,0.04910113662481308,0.8388632535934448,0.8061029314994812
no_token,posthoc_eval_only,awgn,diffusion_no_token,17.301610946655273,0.605834424495697,16.623300552368164,16.431819915771484,0.2516036331653595,0.04315713793039322,0.2004881501197815,0.18787001073360443,0.9996858835220337,2.1275360268191434e-05,0.9996601343154907,0.9996491074562073,0.8989949226379395,0.05230368301272392,0.8320754170417786,0.8132547736167908
no_token,posthoc_eval_only,rayleigh,diffusion_no_token,17.04764175415039,0.9687846899032593,16.286235809326172,15.83941650390625,0.23560908436775208,0.045901838690042496,0.18255269527435303,0.1637507528066635,0.9996869564056396,2.2793396055931225e-05,0.9996590614318848,0.9996435046195984,0.9027342200279236,0.050814684480428696,0.831495463848114,0.8078017830848694
no_token,posthoc_eval_only,rician,diffusion_no_token,17.22701644897461,0.6162214875221252,16.493995666503906,16.29718589782715,0.2419508844614029,0.04168255254626274,0.1913142055273056,0.1794898957014084,0.9996886253356934,2.0813653463847004e-05,0.9996628761291504,0.9996526837348938,0.9033558964729309,0.04785119369626045,0.8313677906990051,0.8018749952316284
no_token,posthoc_eval_only,tdl,diffusion_no_token,17.083419799804688,0.7695002555847168,16.306564331054688,15.949223518371582,0.2393856942653656,0.04212893918156624,0.18911239504814148,0.17705801129341125,0.9996879696846008,2.1320205632946454e-05,0.999661386013031,0.9996490478515625,0.9015136957168579,0.04644472897052765,0.8415917158126831,0.8139175176620483
no_token,posthoc_eval_only,cdl,diffusion_no_token,17.254297256469727,0.6253070831298828,16.54244613647461,16.37143325805664,0.24402013421058655,0.04199888929724693,0.1932588666677475,0.18147608637809753,0.999688982963562,2.0920608221786097e-05,0.9996634721755981,0.9996523857116699,0.8961543440818787,0.056680962443351746,0.8165559768676758,0.7959467172622681
no_token,posthoc_eval_only,urban,diffusion_no_token,16.98036766052246,0.781324565410614,16.077499389648438,15.72899055480957,0.23692363500595093,0.0426967591047287,0.1858196258544922,0.17490461468696594,0.9996871948242188,2.174543078581337e-05,0.999660313129425,0.9996477365493774,0.8957593441009521,0.05571429431438446,0.8187573552131653,0.7907365560531616
no_token,posthoc_eval_only,rural,diffusion_no_token,16.865705490112305,0.8148723840713501,15.975167274475098,15.555343627929688,0.23684386909008026,0.042314182966947556,0.1874726563692093,0.17297813296318054,0.9996861219406128,2.1299529180396348e-05,0.9996588826179504,0.9996474981307983,0.8999232053756714,0.049402788281440735,0.8334822654724121,0.805696964263916
no_token,posthoc_eval_only,highway,diffusion_no_token,17.020854949951172,0.6324409246444702,16.28875732421875,16.077482223510742,0.23769192397594452,0.041768524795770645,0.18727122247219086,0.17575474083423615,0.9996857047080994,2.0921350369462743e-05,0.9996587038040161,0.999649167060852,0.8993265628814697,0.04906332865357399,0.8345093727111816,0.8008700609207153
no_token,posthoc_eval_only,umi,diffusion_no_token,17.1280517578125,0.7246798872947693,16.365406036376953,16.072179794311523,0.24060387909412384,0.04285656660795212,0.18877054750919342,0.1772807091474533,0.999687910079956,2.105354542436544e-05,0.9996610879898071,0.9996494650840759,0.9044750332832336,0.04829110577702522,0.8436253070831299,0.8187006115913391
no_token,posthoc_eval_only,uma,diffusion_no_token,16.978731155395508,0.8314333558082581,16.167491912841797,15.682559967041016,0.23666436970233917,0.0422479510307312,0.18659648299217224,0.17350399494171143,0.9996874332427979,2.1894687961321324e-05,0.9996607899665833,0.999646782875061,0.9015725255012512,0.04869911074638367,0.836611807346344,0.8118646740913391
single_expert,posthoc_eval_only,awgn,diffusion_token,6.709547996520996,0.418315052986145,6.170270919799805,5.97758150100708,0.016988925635814667,0.003820061217993498,0.012249293737113476,0.010981207713484764,0.818229079246521,0.004715352319180965,0.8122826218605042,0.8103258609771729,0.9331133365631104,0.02633759379386902,0.8962281942367554,0.8866134285926819
single_expert,posthoc_eval_only,rayleigh,diffusion_token,6.6381144523620605,0.44949498772621155,6.030129909515381,5.829878807067871,0.016163118183612823,0.0039025936275720596,0.01135232113301754,0.009985609911382198,0.8183874487876892,0.004504386801272631,0.8125883340835571,0.8110674023628235,0.9331884980201721,0.02647256851196289,0.8948652148246765,0.8869478106498718
single_expert,posthoc_eval_only,rician,diffusion_token,6.66090202331543,0.4465244710445404,6.070094108581543,5.867783546447754,0.01640840247273445,0.0037506180815398693,0.011634851805865765,0.010359150357544422,0.8182379603385925,0.004604257643222809,0.812351644039154,0.8106305003166199,0.9332194328308105,0.026591449975967407,0.896909236907959,0.8850495219230652
single_expert,posthoc_eval_only,tdl,diffusion_token,6.654585361480713,0.4441716969013214,6.0809454917907715,5.854033946990967,0.016232836991548538,0.0038240996655076742,0.011468496173620224,0.00995122455060482,0.8184921145439148,0.004502968396991491,0.8125584721565247,0.8109420537948608,0.932918906211853,0.026513095945119858,0.8965226411819458,0.8866273760795593
single_expert,posthoc_eval_only,cdl,diffusion_token,6.670709133148193,0.43830621242523193,6.106590747833252,5.877297401428223,0.016412178054451942,0.003796772100031376,0.011640173383057117,0.010209892876446247,0.8184289932250977,0.004559463355690241,0.8123564124107361,0.8106750249862671,0.9329924583435059,0.026795685291290283,0.8975810408592224,0.8837810158729553
single_expert,posthoc_eval_only,urban,diffusion_token,6.644045352935791,0.43937379121780396,6.07908296585083,5.857093811035156,0.016178200021386147,0.0038391046691685915,0.01124392356723547,0.009837050922214985,0.8182458877563477,0.004598323721438646,0.8123899698257446,0.8105980753898621,0.9333212375640869,0.026282360777258873,0.8967434763908386,0.8822497725486755
single_expert,posthoc_eval_only,rural,diffusion_token,6.660583019256592,0.44307389855384827,6.1062469482421875,5.8529276847839355,0.0164071973413229,0.003803936531767249,0.011791226454079151,0.010363224893808365,0.8183403611183167,0.004599765874445438,0.8125292062759399,0.8107025623321533,0.9329944252967834,0.026396069675683975,0.8950300812721252,0.8851932883262634
single_expert,posthoc_eval_only,highway,diffusion_token,6.6602606773376465,0.4428458511829376,6.078651428222656,5.86864709854126,0.016327690333127975,0.0037956784944981337,0.011601588688790798,0.010094815865159035,0.8182901740074158,0.004515876527875662,0.8125061988830566,0.810767650604248,0.9330421686172485,0.026612509042024612,0.8959875702857971,0.887032687664032
single_expert,posthoc_eval_only,umi,diffusion_token,6.659279823303223,0.4417997896671295,6.091883182525635,5.845548152923584,0.016249878332018852,0.0038475850597023964,0.011355266906321049,0.009962338954210281,0.8183010816574097,0.0044759768061339855,0.8125202655792236,0.8110322952270508,0.933295726776123,0.02624640241265297,0.8956310153007507,0.8859440088272095
single_expert,posthoc_eval_only,uma,diffusion_token,6.659151077270508,0.44428038597106934,6.0891876220703125,5.883215427398682,0.0164182186126709,0.0038640019483864307,0.011503436602652073,0.010265044867992401,0.8184965252876282,0.004585270769894123,0.8127086162567139,0.8107559084892273,0.9331677556037903,0.026350880041718483,0.894987940788269,0.8849060535430908
no_vq,posthoc_eval_only,awgn,diffusion_token,21.145055770874023,1.2979869842529297,19.49118995666504,18.97381591796875,0.45192191004753113,0.0670594871044159,0.3659517467021942,0.3431832194328308,0.9994629621505737,5.428790609585121e-05,0.9993907809257507,0.9993663430213928,0.800804615020752,0.09600421041250229,0.6759562492370605,0.6401348114013672
no_vq,posthoc_eval_only,rayleigh,diffusion_token,20.662443161010742,1.8261542320251465,18.650075912475586,17.84412384033203,0.43378281593322754,0.07389266788959503,0.34025445580482483,0.3125806748867035,0.9994642734527588,5.336693720892072e-05,0.9993932247161865,0.9993662238121033,0.7998148798942566,0.10272495448589325,0.6466066837310791,0.6189010143280029
no_vq,posthoc_eval_only,rician,diffusion_token,21.039926528930664,1.3106918334960938,19.403799057006836,18.939123153686523,0.4442751705646515,0.06756670773029327,0.3592025637626648,0.33814096450805664,0.9994640350341797,5.339060226106085e-05,0.9993903040885925,0.999366044998169,0.7989487648010254,0.09607967734336853,0.6568557024002075,0.624176025390625
no_vq,posthoc_eval_only,tdl,diffusion_token,20.808364868164062,1.4873236417770386,18.980287551879883,18.389108657836914,0.44031214714050293,0.06752854585647583,0.35778871178627014,0.33463671803474426,0.9994660019874573,5.1666338549694046e-05,0.9993974566459656,0.9993739128112793,0.7982407808303833,0.09639451652765274,0.6657635569572449,0.6319727301597595
no_vq,posthoc_eval_only,cdl,diffusion_token,21.154937744140625,1.3092546463012695,19.464561462402344,19.02735710144043,0.44872453808784485,0.06665349006652832,0.36199951171875,0.34003400802612305,0.999467670917511,5.3054103773320094e-05,0.9993958473205566,0.9993699789047241,0.7903133630752563,0.10739872604608536,0.6495658159255981,0.5970058441162109
no_vq,posthoc_eval_only,urban,diffusion_token,20.523807525634766,1.6338486671447754,18.51618003845215,17.680458068847656,0.43686556816101074,0.06809701770544052,0.3514552414417267,0.3219650983810425,0.9994630813598633,5.430502278613858e-05,0.9993925094604492,0.9993658661842346,0.7895593047142029,0.10577774047851562,0.6281037330627441,0.6018983125686646
no_vq,posthoc_eval_only,rural,diffusion_token,20.32811737060547,1.5941895246505737,18.386667251586914,17.676847457885742,0.43474671244621277,0.06686091423034668,0.3502078056335449,0.323682963848114,0.9994633197784424,5.226386565482244e-05,0.9993910789489746,0.9993677735328674,0.793912410736084,0.09548229724168777,0.6514710187911987,0.6055964231491089
no_vq,posthoc_eval_only,highway,diffusion_token,20.35024642944336,1.1892597675323486,18.84981918334961,18.388635635375977,0.42517754435539246,0.0627916157245636,0.343087762594223,0.32436779141426086,0.9994601011276245,5.2409373893169686e-05,0.999392032623291,0.9993671178817749,0.8026087880134583,0.0936373621225357,0.6772274971008301,0.6338486075401306
no_vq,posthoc_eval_only,umi,diffusion_token,20.85874366760254,1.5144022703170776,18.98662757873535,18.387189865112305,0.44210225343704224,0.06825078278779984,0.35351067781448364,0.3261963427066803,0.9994654059410095,5.3169245802564546e-05,0.9993963241577148,0.9993704557418823,0.8037910461425781,0.09717724472284317,0.6813521385192871,0.6220105290412903
no_vq,posthoc_eval_only,uma,diffusion_token,20.505516052246094,1.643821120262146,18.4908504486084,17.869277954101562,0.4338825047016144,0.06882529705762863,0.34306463599205017,0.3199421465396881,0.9994645118713379,5.3492229199036956e-05,0.9993941783905029,0.9993692636489868,0.7962705492973328,0.09527245163917542,0.6633533835411072,0.6257020235061646
